work_id,work_doi,work_display_name,work_publication_date,work_publication_year,work_publisher,work_journal,authors_concatenated,work_sustainable_dev_goal,work_is_open_access,work_cited_by_count
https://openalex.org/W4312850930,https://doi.org/10.1007/978-3-031-06153-0_19,The Terrestrial Reptiles of the Gulf of Guinea Oceanic Islands,2022-01-01,2022,Springer Nature,Springer eBooks,"Aaron M. Bauer, Rayna C. Bell",Life below water,1,3
https://openalex.org/W4296816995,https://doi.org/10.1111/muan.12228,Issue Information,2022-09-01,2022,Wiley-Blackwell,Museum anthropology,Adrian Van Allen,-1,1,0
https://openalex.org/W4283749290,https://doi.org/10.1016/j.scitotenv.2022.157049,Mesophotic depths hide high coral cover communities in French Polynesia,2022-10-01,2022,Elsevier BV,Science of the total environment,"Alejandra Hernández‐Agreda, Pim Bongaerts",Life below water,0,3
https://openalex.org/W4226315466,https://doi.org/10.1111/conl.12875,Hidden in the deep: Distinct benthic trajectories call for monitoring of mesophotic reefs,2022-02-03,2022,Wiley,Conservation letters,"Alejandra Hernández‐Agreda, Pim Bongaerts",Life below water,1,3
https://openalex.org/W4221123915,https://doi.org/10.1093/gbe/evac044,Chromosome-Level Genome Assembly of the Bioluminescent Cardinalfish <i>Siphamia tubifer</i>: An Emerging Model for Symbiosis Research,2022-03-29,2022,Oxford University Press,Genome biology and evolution,"Alison L. Gould, Athena Lam, Jim Henderson",Life below water,1,3
https://openalex.org/W4304136099,https://doi.org/10.1101/2022.10.10.511632,Highly contiguous genome assemblies of<i>Photobacterium</i>strains isolated from fish light organs using nanopore sequencing technology,2022-10-10,2022,Cold Spring Harbor Laboratory,bioRxiv (Cold Spring Harbor Laboratory),"Alison L. Gould, James Henderson",Life below water,1,1
https://openalex.org/W4225326199,https://doi.org/10.1080/14888386.2022.2054860,A case study from the City Nature Challenge 2018: international comparison of participants’ responses to citizen science in action,2022-01-02,2022,Taylor & Francis,Biodiversity,Alison N. Young,-1,1,0
https://openalex.org/W4283031873,https://doi.org/10.1080/13504622.2022.2078480,Examining youth participation in ongoing community and citizen science programs in 3 different out-of-school settings,2022-06-16,2022,Taylor & Francis,Environmental education research,"Alison N. Young, Annie E. Miller, Rebecca F. Johnson",-1,1,6
https://openalex.org/W4308708771,https://doi.org/10.1371/journal.pbio.3001843,The benefits of contributing to the citizen science platform iNaturalist as an identifier,2022-11-10,2022,Public Library of Science,PLoS biology,"Alison N. Young, Carrie Seltzer, Scott R. Loarie, Tony Iwane",Life on land,1,25
https://openalex.org/W4285803730,https://doi.org/10.3390/toxins14070495,Envenoming by a Marine Blood Worm (Glycera),2022-07-17,2022,Multidisciplinary Digital Publishing Institute,Toxins,"Alison N. Young, Daniela M. Durkin, Matthew Lewin",Life below water,1,1
https://openalex.org/W4210430727,https://doi.org/10.18061/bssb.v1i1.8332,A new framework for assessing the contributions of professionals in the natural sciences,2022-01-27,2022,Ohio State University Libraries,Bulletin of the Society of Systematic Biologists,"Alison N. Young, Giovanni Rapacciuolo, Jacob A. Gorneau, Lauren A. Esposito, Lauren A. Scheinberg, Luiz A. Rocha, Rayna C. Bell",-1,1,5
https://openalex.org/W4295485337,https://doi.org/10.11646/zootaxa.5183.1.9,A new species of Macrosiphum (Hemiptera: Aphididae) living on Silene (Caryophyllaceae),2022-09-12,2022,Q15088586,Zootaxa,Andrew S. Jensen,-1,0,0
https://openalex.org/W4280559059,https://doi.org/10.1111/jfb.15082,"Niche availability and habitat affinities of the red porgy <i>Pagrus pagrus</i> (Linnaeus, 1758): An important ecological player on the world's largest rhodolith beds",2022-05-27,2022,Wiley-Blackwell,Journal of fish biology,"Ângelo F. Bernardino, Hudson T. Pinheiro",Life below water,0,6
https://openalex.org/W4220752150,https://doi.org/10.7554/elife.72460.sa2,Author response: Phylogenomic analyses of echinoid diversification prompt a re-evaluation of their fossil record,2022-02-28,2022,-1,-1,"Anne Frances Armstrong, Rich Mooi",Life below water,1,0
https://openalex.org/W4293236271,https://doi.org/10.3897/alpento.6.86665,"﻿NextRAD phylogenomics, sanger sequencing and morphological data to establish three new species of New Guinea stream beetles",2022-08-25,2022,Pensoft Publishers,Alpine Entomology,"Athena Lam, Matthew H. Van Dam",Life below water,1,0
https://openalex.org/W4296780649,https://doi.org/10.1093/sysbio/syac064,"How the Easter Egg Weevils Got Their Spots: Phylogenomics Reveals Müllerian Mimicry in <i>Pachyrhynchus</i> (Coleoptera, Curculionidae).",2022-09-18,2022,Oxford University Press,Systematic biology,"Athena Lam, Matthew H. Van Dam",Life on land,1,3
https://openalex.org/W4220978457,https://doi.org/10.1002/ece3.8625,Metagenomic clustering reveals microbial contamination as an essential consideration in ultraconserved element design for phylogenomics with insect museum specimens,2022-03-01,2022,Wiley,Ecology and evolution,"Athena Lam, Matthew H. Van Dam",-1,1,7
https://openalex.org/W4225388845,https://doi.org/10.3897/zookeys.1098.73223,"﻿Revision of the Malagasy Camponotus subgenus Myrmosaga (Hymenoptera, Formicidae) using qualitative and quantitative morphology",2022-05-03,2022,Pensoft Publishers,ZooKeys,Brian L. Fisher,-1,1,0
https://openalex.org/W4200026030,https://doi.org/10.1016/j.biocon.2021.109400,The effect of swidden agriculture on ant communities in Madagascar,2022-01-01,2022,Elsevier BV,Biological conservation,Brian L. Fisher,Life on land,1,2
https://openalex.org/W4224443920,https://doi.org/10.7717/peerj.13263,"Taxonomic revision of the <i>Pheidole megacephala</i> species-group (Hymenoptera, Formicidae) from the Malagasy Region",2022-04-26,2022,"PeerJ, Inc.",PeerJ,Brian L. Fisher,Life on land,1,2
https://openalex.org/W4289637285,https://doi.org/10.1126/sciadv.abp9908,The global distribution of known and undiscovered ant biodiversity,2022-08-05,2022,American Association for the Advancement of Science,Science advances,Brian L. Fisher,Life on land,1,47
https://openalex.org/W4226419052,https://doi.org/10.1093/molbev/msac093,"Molecular Phylogeny Reveals the Past Transoceanic Voyages of Drywood Termites (Isoptera, Kalotermitidae)",2022-05-01,2022,Oxford University Press,Molecular biology and evolution,Brian L. Fisher,Life on land,1,12
https://openalex.org/W4307165200,https://doi.org/10.3389/fsufs.2022.887289,Editorial: Insects: A source of safe and sustainable food?,2022-10-21,2022,Frontiers Media,Frontiers in sustainable food systems,Brian L. Fisher,Zero hunger,1,1
https://openalex.org/W4281551505,https://doi.org/10.1016/j.cub.2022.05.001,Ant phylogenomics reveals a natural selection hotspot preceding the origin of complex eusociality,2022-07-01,2022,Elsevier BV,CB/Current biology,Brian L. Fisher,-1,1,19
https://openalex.org/W4310142589,https://doi.org/10.3897/asp.80.e84428,Revisiting the morphological species groups of West-Palearctic Aphaenogaster ants (Hymenoptera: Formicidae) under a phylogenetic perspective: toward an evolutionary classification,2022-11-28,2022,Pensoft Publishers,Arthropod systematics & phylogeny,Brian L. Fisher,Life below water,1,7
https://openalex.org/W4281743533,https://doi.org/10.3920/jiff2021.0140,"Life cycle and production potential of a traditionally eaten phloem-feeding planthopper (sakondry, Zanna tenebrosa) in Madagascar",2022-12-07,2022,,Journal of insects as food and feed,Brian L. Fisher,Responsible consumption and production,0,3
https://openalex.org/W4310702753,https://doi.org/10.1126/science.adf1466,Madagascar’s extraordinary biodiversity: Threats and opportunities,2022-12-02,2022,American Association for the Advancement of Science,Science,Brian L. Fisher,Life on land,1,36
https://openalex.org/W4310787964,https://doi.org/10.1126/science.abf0869,"Madagascar’s extraordinary biodiversity: Evolution, distribution, and use",2022-12-02,2022,American Association for the Advancement of Science,Science,Brian L. Fisher,-1,1,36
https://openalex.org/W4394029846,https://doi.org/10.5281/zenodo.6586742,Madagascar's extraordinary biodiversity: a data repository,2022-05-27,2022,European Organization for Nuclear Research,Zenodo (CERN European Organization for Nuclear Research),Brian L. Fisher,-1,0,0
https://openalex.org/W4393774672,https://doi.org/10.5281/zenodo.7312893,Madagascar's extraordinary biodiversity: a data repository,2022-11-11,2022,European Organization for Nuclear Research,Zenodo (CERN European Organization for Nuclear Research),Brian L. Fisher,-1,0,0
https://openalex.org/W4393698473,https://doi.org/10.5281/zenodo.7307965,Madagascar's extraordinary biodiversity: a data repository,2022-11-09,2022,European Organization for Nuclear Research,Zenodo (CERN European Organization for Nuclear Research),Brian L. Fisher,-1,0,0
https://openalex.org/W4393663685,https://doi.org/10.5281/zenodo.5017212,Madagascar's extraordinary biodiversity: a data repository,2022-12-02,2022,European Organization for Nuclear Research,Zenodo (CERN European Organization for Nuclear Research),Brian L. Fisher,-1,1,0
https://openalex.org/W4393429220,https://doi.org/10.5281/zenodo.7326129,Madagascar's extraordinary biodiversity: a data repository,2022-12-02,2022,European Organization for Nuclear Research,Zenodo (CERN European Organization for Nuclear Research),Brian L. Fisher,-1,1,0
https://openalex.org/W4206433799,https://doi.org/10.3897/zookeys.1081.71872,"﻿A taxonomic revision of the Malagasy endemic subgenus Mayria of the genus Camponotus (Hymenoptera, Formicidae) based on qualitative morphology and quantitative morphometric analyses",2022-01-17,2022,Pensoft Publishers,ZooKeys,Brian L. Fisher,Life on land,1,0
https://openalex.org/W4210653086,https://doi.org/10.3389/fsufs.2021.810421,A Literature Review of the Use of Weeds and Agricultural and Food Industry By-Products to Feed Farmed Crickets (Insecta; Orthoptera; Gryllidae),2022-01-31,2022,Frontiers Media,Frontiers in sustainable food systems,"Brian L. Fisher, C. George Kuo",Zero hunger,1,5
https://openalex.org/W4226503062,https://doi.org/10.3390/d14040273,Ecological Links between Pelagic and Mesophotic Reef Fishes in an Oceanic Archipelago of the Equatorial Atlantic Ocean,2022-04-05,2022,Multidisciplinary Digital Publishing Institute,Diversity,"Caio Ribeiro Pimentel, Hudson T. Pinheiro, Luiz A. Rocha",Life below water,1,3
https://openalex.org/W4294838806,https://doi.org/10.1093/biolinnean/blac095,Diversity and evolution of amphibian pupil shapes,2022-09-07,2022,Oxford University Press,Biological Journal of the Linnean Society/Biological journal of the Linnean Society,"Caitlyn Rich, Rayna C. Bell",-1,1,3
https://openalex.org/W4288450201,https://doi.org/10.3390/insects13080675,Integrating Global Citizen Science Platforms to Enable Next-Generation Surveillance of Invasive and Vector Mosquitoes,2022-07-27,2022,Multidisciplinary Digital Publishing Institute,Insects,Carrie Seltzer,Partnerships for the goals,1,15
https://openalex.org/W4292342879,https://doi.org/10.1145/3512752.3528367,Living worlds,2022-08-07,2022,-1,-1,"Cheryl Vanderbilt, Ken Ackerman, Mike Schmitt, Ryan Wyatt",-1,0,0
https://openalex.org/W4393823706,https://doi.org/10.5281/zenodo.3685364,Terrestrial Parasite Tracker indexed biotic interactions and review summary,2022-10-13,2022,European Organization for Nuclear Research,Zenodo (CERN European Organization for Nuclear Research),"Christopher C. Grinter, Rachel Diaz-Bastin",-1,1,0
https://openalex.org/W4393888610,https://doi.org/10.5281/zenodo.7194486,Terrestrial Parasite Tracker indexed biotic interactions and review summary,2022-10-13,2022,European Organization for Nuclear Research,Zenodo (CERN European Organization for Nuclear Research),"Christopher C. Grinter, Rachel Diaz-Bastin",-1,1,0
https://openalex.org/W4393801702,https://doi.org/10.5281/zenodo.6761707,Terrestrial Parasite Tracker indexed biotic interactions and review summary,2022-06-27,2022,European Organization for Nuclear Research,Zenodo (CERN European Organization for Nuclear Research),"Christopher C. Grinter, Rachel Diaz-Bastin",-1,1,0
https://openalex.org/W4221032622,https://doi.org/10.1002/ecy.3682,Cool Runnings: Antennae facilitate collective motion by a grounded group of adult antlions,2022-05-25,2022,Wiley-Blackwell,Ecology,D. C. F. Rentz,-1,0,0
https://openalex.org/W4286486107,https://doi.org/10.1111/mec.16624,"Phylogeography and population genetics of a widespread cold‐adapted ant, <i>Prenolepis imparis</i>",2022-08-03,2022,Wiley-Blackwell,Molecular ecology,Daniel M. Portik,Climate action,1,1
https://openalex.org/W4291120299,https://doi.org/10.11646/zootaxa.5174.3.1,"Systematics of the Central African Spiny Reed Frog Afrixalus laevis (Anura: Hyperoliidae), with the description of two new species from the Albertine Rift",2022-08-10,2022,Q15088586,Zootaxa,Daniel M. Portik,Life on land,0,2
https://openalex.org/W4311158602,https://doi.org/10.1101/2022.11.29.518358,Multiple paths towards repeated phenotypic evolution in the spiny-leg adaptive radiation (<i>Tetragnatha</i>; Hawaii),2022-12-02,2022,Cold Spring Harbor Laboratory,bioRxiv (Cold Spring Harbor Laboratory),Darko D. Cotoras,Life below water,1,0
https://openalex.org/W4308719027,https://doi.org/10.3390/d14110946,"First Predation Record of a Tarantula (Euathlus sp., Theraphosidae) on a Juvenile Austral Thrush (Turdus falcklandii, Turdidae) in Central Chile",2022-11-04,2022,Multidisciplinary Digital Publishing Institute,Diversity,Darko D. Cotoras,-1,1,0
https://openalex.org/W4283159060,https://doi.org/10.11646/zootaxa.5155.1.1,Revision of the genus Centrophorus (Squaliformes: Centrophoridae): Part 3—Redescription of Centrophorus uyato (Rafinesque) with a discussion of its complicated nomenclatural history,2022-06-20,2022,Q15088586,Zootaxa,David A. Ebert,Life below water,0,5
https://openalex.org/W4281727523,https://doi.org/10.11646/zootaxa.5142.1.1,A taxonomic revision of Northeast Pacific softnose skates (Rajiformes: Arhynchobatidae: Bathyraja Ishiyama),2022-06-01,2022,Q15088586,Zootaxa,David A. Ebert,Life below water,0,4
https://openalex.org/W4308955128,https://doi.org/10.1016/j.ijbiomac.2022.10.285,"Comparative analyses of the complete mitochondrial genomes of two southern African endemic guitarfish, Acroteriobatus annulatus and A. blochii",2022-12-01,2022,Elsevier BV,International journal of biological macromolecules,David A. Ebert,Life below water,0,3
https://openalex.org/W4309131026,https://doi.org/10.5281/zenodo.7320085,"Galeus friedrichi (Carcharhiniformes: Pentanchidae), a new sawtail catshark from the Philippines",2022-11-15,2022,European Organization for Nuclear Research,Zenodo (CERN European Organization for Nuclear Research),"David A. Ebert, Jessica J. Jang",Life below water,1,0
https://openalex.org/W4205089273,https://doi.org/10.1071/is21022,Extensive species diversification and marked geographic phylogenetic structure in the Mesoamerican genus,2022-01-04,2022,CSIRO Publishing,Invertebrate systematics,David B. Weissman,Life on land,0,0
https://openalex.org/W4210296777,https://doi.org/10.1007/s13127-022-00543-1,Evolution of chromosome number in grasshoppers (Orthoptera: Caelifera: Acrididae),2022-02-07,2022,Springer Science+Business Media,Organisms diversity & evolution,David B. Weissman,Life on land,1,7
https://openalex.org/W4313258980,https://doi.org/10.3956/2022-98.4.270,"Checklist of true flies (Diptera) from San Luis Obispo County, California, U.S.A.: an outcome of the Fly School II taxonomic workshop",2022-12-20,2022,Pacific Coast Entomological Society,Pan-Pacific entomologist/The Pan-Pacific entomologist,David Bettman,Life on land,0,1
https://openalex.org/W4213427533,https://doi.org/10.1093/biosci/biac022,Bridging the Research Gap between Live Collections in Zoos and Preserved Collections in Natural History Museums,2022-04-21,2022,Oxford University Press,BioScience/Bioscience,"David C. Blackburn, Luiz Guilherme Burlamaqui Soares Porto Rocha",Partnerships for the goals,1,6
https://openalex.org/W4205891229,https://doi.org/10.1111/jbi.14307,Evidence for niche conservatism in alpine beetles under a climate‐driven species pump model,2022-01-16,2022,Wiley-Blackwell,Journal of biogeography,David H. Kavanaugh,-1,0,10
https://openalex.org/W4366961119,https://doi.org/10.59448/jah.v2i1.15,Mercury in Dried Market Fish of Hong Kong and San Francisco: Human Health Implications,2022-05-31,2022,,Journal of Asian health,David McGuire,Life below water,1,0
https://openalex.org/W4281626053,https://doi.org/10.1093/zoolinnean/zlac051,Revision to the nomenclatural status of <i>Trapania</i> (Nudibranchia: Goniodorididae),2022-06-10,2022,Oxford University Press,Zoological journal of the Linnean Society,"Dimitri Smirnoff, Samantha A. Donohoo, Terrence M. Gosliner",Life on land,1,1
https://openalex.org/W4210636887,https://doi.org/10.1093/zoolinnean/zlac009,Extra-branchial processes manifest extra diversity: systematics of the genus<i>Trapania</i>(Nudibranchia: Goniodorididae) and nine new species descriptions,2022-04-28,2022,Oxford University Press,Zoological journal of the Linnean Society,"Dimitri Smirnoff, Samantha A. Donohoo, Terrence M. Gosliner",Life below water,0,2
https://openalex.org/W4206809670,https://doi.org/10.1093/zoolinnean/zlac002,Rediscovering the overlooked genus <i>Murphydoris</i> (Nudibranchia: Goniodorididae): the first phylogeny and addition of four new species,2022-03-14,2022,Oxford University Press,Zoological journal of the Linnean Society,"Dimitri Smirnoff, Terrence M. Gosliner",Life below water,0,3
https://openalex.org/W4210533177,https://doi.org/10.1002/eap.2544,"Age‐specific survival rates, causes of death, and allowable take of golden eagles in the western <scp>U</scp> nited <scp>S</scp> tates",2022-03-15,2022,Wiley-Blackwell,Ecological applications,Douglas A. Bell,-1,1,25
https://openalex.org/W4295118010,https://doi.org/10.5281/zenodo.7065587,"List of Fishes of the Galapagos Archipelago, Ecuador",2022-09-09,2022,European Organization for Nuclear Research,Zenodo (CERN European Organization for Nuclear Research),Douglas J. Long,Life below water,1,0
https://openalex.org/W4285014077,https://doi.org/10.1101/2022.07.07.499145,Detection and quantification of introgression using Bayesian inference based on conjugate priors,2022-07-10,2022,Cold Spring Harbor Laboratory,bioRxiv (Cold Spring Harbor Laboratory),Durrell D. Kapan,Life on land,1,0
https://openalex.org/W4211253424,https://doi.org/10.7554/elife.73577.sa2,Author response: The Mutationathon highlights the importance of reaching standardization in estimates of pedigree-based germline mutation rates,2022-01-04,2022,-1,-1,Elora H. López-Nandam,"Peace, justice, and strong institutions",1,0
https://openalex.org/W4205831869,https://doi.org/10.7554/elife.73577,The Mutationathon highlights the importance of reaching standardization in estimates of pedigree-based germline mutation rates,2022-01-12,2022,eLife Sciences Publications Ltd,eLife,Elora H. López-Nandam,-1,1,37
https://openalex.org/W4309010540,https://doi.org/10.3389/fmars.2022.961106,Kinship and genetic variation in aquarium-spawned Acropora hyacinthus corals,2022-11-14,2022,Frontiers Media,Frontiers in marine science,"Elora H. López-Nandam, Freeland Dunker, J. Charles Delbeek, Kylie Lev, Lana Krol, Lisa Larkin, R. Kenyon Ross, Rebecca Albright, Ryan Schaeffer, Steven Yong",Life below water,1,2
https://openalex.org/W4307061786,https://doi.org/10.1101/2022.10.18.512587,Kinship and genetic variation in aquarium-spawned<i>Acropora hyacinthus</i>corals,2022-10-21,2022,Cold Spring Harbor Laboratory,bioRxiv (Cold Spring Harbor Laboratory),"Elora H. López-Nandam, Freeland Dunker, J. Charles Delbeek, Kylie Lev, Lana Krol, Lisa Larkin, R. Kenyon Ross, Rebecca Albright, Ryan Schaeffer, Steven Yong",Life below water,1,0
https://openalex.org/W4300864829,https://doi.org/10.1111/btp.13158,Ant diversity decreases during the dry season: A meta‐analysis of the effects of seasonality on ant richness and abundance,2022-10-03,2022,Wiley-Blackwell,Biotropica,Flávia A. Esteves,-1,0,6
https://openalex.org/W4210843359,https://doi.org/10.1007/s00040-022-00848-6,Ant diversity studies in Brazil: an overview of the myrmecological research in a megadiverse country,2022-02-01,2022,Springer Nature,Insectes sociaux,"Flávia A. Esteves, Gabriela P. Camacho",Life on land,0,6
https://openalex.org/W4285124453,https://doi.org/10.1007/978-3-030-85239-9_82-1,Melastomataceae,2022-01-01,2022,Springer Nature,Springer eBooks,Frank Almeda,Life on land,0,0
https://openalex.org/W4286356528,https://doi.org/10.1007/978-3-030-99742-7,"Systematics, Evolution, and Ecology of Melastomataceae",2022-01-01,2022,Springer Nature,Springer eBooks,Frank Almeda,-1,1,1
https://openalex.org/W4286356912,https://doi.org/10.1007/978-3-030-99742-7_4,Historical Biogeography of the Melastomataceae,2022-01-01,2022,Springer Nature,Springer eBooks,Frank Almeda,Life below water,0,3
https://openalex.org/W4311208721,https://doi.org/10.11646/phytotaxa.575.3.7,"Miconia amplipedunculata (Melastomataceae: Miconieae), a new species from the Caribbean lowlands of Panama",2022-12-13,2022,Q15088586,Phytotaxa,Frank Almeda,Life on land,0,0
https://openalex.org/W4286356920,https://doi.org/10.1007/978-3-030-99742-7_1,"Melastomataceae: Global Diversity, Distribution, and Endemism",2022-01-01,2022,Springer Nature,Springer eBooks,Frank Almeda,Life on land,0,12
https://openalex.org/W4286357115,https://doi.org/10.1007/978-3-030-99742-7_3,"Morphological Variability Within the Melastomataceae (Myrtales), Including a Discussion of the Associated Terminology",2022-01-01,2022,Springer Nature,Springer eBooks,Frank Almeda,Life on land,0,5
https://openalex.org/W4286357121,https://doi.org/10.1007/978-3-030-99742-7_8,Systematics of the Tribe Astronieae Based on Morphology: Prospects for Resurrecting Bamlera and Incorporating Tessmannianthus,2022-01-01,2022,Springer Nature,Springer eBooks,Frank Almeda,Life on land,0,0
https://openalex.org/W4286357229,https://doi.org/10.1007/978-3-030-99742-7_13,An Overview of Pyxidantheae (Melastomataceae),2022-01-01,2022,Springer Nature,Springer eBooks,Frank Almeda,-1,0,1
https://openalex.org/W4286357241,https://doi.org/10.1007/978-3-030-99742-7_17,Systematics and Evolution of Tribe Pyramieae,2022-01-01,2022,Springer Nature,Springer eBooks,Frank Almeda,-1,0,3
https://openalex.org/W4286357273,https://doi.org/10.1007/978-3-030-99742-7_5,A New Melastomataceae Classification Informed by Molecular Phylogenetics and Morphology,2022-01-01,2022,Springer Nature,Springer eBooks,Frank Almeda,-1,0,9
https://openalex.org/W4286357301,https://doi.org/10.1007/978-3-030-99742-7_2,Classification History of the Melastomataceae: Early Beginnings Through the Pre-molecular Era,2022-01-01,2022,Springer Nature,Springer eBooks,Frank Almeda,-1,0,0
https://openalex.org/W4286357582,https://doi.org/10.1007/978-3-030-99742-7_11,Phylogenetics and Taxonomy of the Tribe Merianieae,2022-01-01,2022,Springer Nature,Springer eBooks,Frank Almeda,-1,0,1
https://openalex.org/W4286375789,https://doi.org/10.1007/978-3-030-99742-7_24,Patterns of Chromosome Number Diversity and Evolution in the Melastomataceae,2022-01-01,2022,Springer Nature,Springer eBooks,Frank Almeda,Zero hunger,0,2
https://openalex.org/W4294539158,https://doi.org/10.1007/s40415-022-00833-0,"Modeling of Microlicia cataphracta (Melastomataceae: Lavoisiereae), a widespread polymorphic species",2022-09-03,2022,Springer Science+Business Media,Revista Brasileira de Botânica,Frank Almeda,Life on land,0,0
https://openalex.org/W4297839846,https://doi.org/10.3100/hpib.v27iss1.2022.n3,Lectotypification of Some Early Collected Species of Quercus (Fagaceae) in California and Mexico,2022-06-30,2022,Harvard University Press,Harvard papers in botany,Frank Almeda,Life on land,0,0
https://openalex.org/W4298395528,https://doi.org/10.1111/jse.12921,Phylogeny and systematics of the tribe Sonerileae (Melastomataceae) in Africa: A revised taxonomic classification,2022-12-19,2022,Wiley-Blackwell,Journal of systematics and evolution/Journal of Systematics and Evolution,Frank Almeda,Life on land,1,1
https://openalex.org/W4286357267,https://doi.org/10.1007/978-3-030-99742-7_10,Why Recognize Miconia as the Only Genus in Tribe Miconieae (Melastomataceae)?,2022-01-01,2022,Springer Nature,Springer eBooks,"Frank Almeda, Marcela Alvear",Life on land,0,6
https://openalex.org/W4286357557,https://doi.org/10.1007/978-3-030-99742-7_28,Historical Biogeography of the Neotropical Miconieae (Melastomataceae) Reveals a Pattern of Progressive Colonization Out of Lowland South America,2022-01-01,2022,Springer Nature,Springer eBooks,"Frank Almeda, Marcela Alvear, Ricardo Kriebel",Life on land,0,3
https://openalex.org/W4283024790,https://doi.org/10.1007/s12228-022-09712-0,"Microlicia coronata (Melastomataceae), a new ericoid species from the Serra das Almas, Bahia, Brazil",2022-06-16,2022,Springer Science+Business Media,Brittonia,"Frank Almeda, Ricardo Pacífico",Life on land,0,2
https://openalex.org/W4293419541,https://doi.org/10.11646/phytotaxa.560.1.2,"A new species of Pleroma (Melastomataceae: Melastomateae) endemic to Southern Cadeia do Espinhaço, Minas Gerais, Brazil",2022-08-29,2022,Q15088586,Phytotaxa,"Frank Almeda, Ricardo Pacífico",Life on land,0,0
https://openalex.org/W4286357299,https://doi.org/10.1007/978-3-030-99742-7_19,Lavoisiereae: A Neotropical Tribe with Remarkable Endemism on Eastern Brazilian Mountaintops,2022-01-01,2022,Springer Nature,Springer eBooks,"Frank Almeda, Ricardo Pacífico",Life on land,0,3
https://openalex.org/W4224935426,https://doi.org/10.11646/phytotaxa.544.1.4,"Two new species of Microlicia (Melastomataceae) from Chapada Diamantina, Bahia, Northeastern Brazil",2022-04-27,2022,Q15088586,Phytotaxa,"Frank Almeda, Ricardo Pacífico",Life on land,0,3
https://openalex.org/W4297520642,https://doi.org/10.11646/phytotaxa.566.3.4,"Novelties in Microlicia (Melastomataceae, Lavoisiereae) endemic to the campo rupestre of Guiné, Chapada Diamantina, Bahia, Brazil",2022-09-29,2022,Q15088586,Phytotaxa,"Frank Almeda, Ricardo Pacífico",Life on land,0,1
https://openalex.org/W4281561967,https://doi.org/10.11646/phytotaxa.548.1.6,"A new species of Microlicia (Melastomataceae) endemic to Serra das Confusões expands the range of the genus to Piauí, Brazil",2022-05-26,2022,Q15088586,Phytotaxa,"Frank Almeda, Ricardo Pacífico",Life on land,0,0
https://openalex.org/W4308341265,https://doi.org/10.1111/njb.03749,"Two new narrow endemic species of <i>Microlicia</i> (Melastomataceae, Lavoisiereae) from Serra do Porco Gordo, Bahia, Brazil",2022-11-04,2022,Wiley-Blackwell,Nordic journal of botany,"Frank Almeda, Ricardo Pacífico",Life on land,0,1
https://openalex.org/W4309146378,https://doi.org/10.11646/phytotaxa.573.1.3,"New species of Marcetia and Microlicia (Melastomataceae) endemic to the campo rupestre of Chapada Diamantina, Bahia, Brazil",2022-11-17,2022,Q15088586,Phytotaxa,"Frank Almeda, Ricardo Pacífico",Life on land,0,3
https://openalex.org/W4285295311,https://doi.org/10.1590/0102-33062021abb0281,"A new saxicolous species of Acisanthera (Melastomataceae: Marcetieae) from Chapada dos Guimarães National Park, Mato Grosso, Brazil",2022-01-01,2022,Sociedade Botânica do Brasil,Acta Botanica Brasílica/Acta Botânica Brasílica,"Frank Almeda, Ricardo Pacífico",Life on land,1,1
https://openalex.org/W4312090546,https://doi.org/10.3897/phytokeys.216.91032,"﻿Systematics of the Trembleya sensu stricto clade of Microlicia (Melastomataceae, Lavoisiereae)",2022-12-20,2022,Pensoft Publishers,PhytoKeys,"Frank Almeda, Ricardo Pacífico",Life on land,1,1
https://openalex.org/W4286357399,https://doi.org/10.1007/978-3-030-99742-7_23,A New Perspective on Seed Morphological Features in Melastomataceae,2022-01-01,2022,Springer Nature,Springer eBooks,"Frank Almeda, Vanessa Handley",Zero hunger,0,3
https://openalex.org/W4220816111,https://doi.org/10.3390/d14030224,"Island–to–Island Vicariance, Founder–Events and within–Area Speciation: The Biogeographic History of the Antillattus Clade (Salticidae: Euophryini)",2022-03-18,2022,Multidisciplinary Digital Publishing Institute,Diversity,Franklyn Cala-Riquelme,Life below water,1,6
https://openalex.org/W4212999770,https://doi.org/10.1016/j.jcz.2022.02.002,Morphological delimitation of the genus Cobanus F.O. (Araneae: Salticidae: Euophryini) with a description of two new species from Colombia,2022-03-01,2022,Elsevier BV,Zoologischer Anzeiger,Franklyn Cala-Riquelme,Life on land,0,1
https://openalex.org/W4281718940,https://doi.org/10.5818/jhms-d-21-00028,Fentanyl Overdose after Cystic Ovarian Tumor Removal Surgery in a Hermaphrodite Green Anaconda (Eunectes murinus),2022-09-16,2022,,Journal of herpetological medicine and surgery,"Freeland Dunker, Lana Krol",Good health and well-being,0,1
https://openalex.org/W4309971700,https://doi.org/10.5852/ejt.2022.847.1983,"A new family for the enigmatic sea pen genus Gyrophyllum Studer, 1891 (Octocorallia, Pennatulacea), a molecular and morphological approach",2022-11-25,2022,Consortium of European Natural History Museums,European Journal of Taxonomy,Gary C. Williams,Life below water,1,0
https://openalex.org/W4225090134,https://doi.org/10.1038/s41586-022-04664-7,A global reptile assessment highlights shared conservation needs of tetrapods,2022-04-27,2022,Nature Portfolio,Nature,Giovanni Rapacciuolo,Sustainable cities and communities,1,140
https://openalex.org/W4283652433,https://doi.org/10.1111/ahe.12829,Cetacean epidermal specialization: A review,2022-06-27,2022,Wiley-Blackwell,"Anatomia, Histologia, Embryologia",Gopinathan K. Menon,Life below water,1,1
https://openalex.org/W4291786045,https://doi.org/10.3897/zookeys.1117.76872,"﻿Two new alkali-sink specialist species of Paruroctonus Werner 1934 (Scorpiones, Vaejovidae) from central California",2022-08-15,2022,Pensoft Publishers,ZooKeys,"Harper Forbes, Lauren A. Esposito, Prakrit Jain",Life on land,1,2
https://openalex.org/W4220819296,https://doi.org/10.22541/au.164672071.18620221/v1,Population genomics of a cephalopod species reflect oceanographic barriers and inbreeding patterns,2022-03-08,2022,,Authorea (Authorea),"Henrique Lazzarotto, Luiz A. Rocha",Life below water,1,0
https://openalex.org/W4312050614,https://doi.org/10.1007/s10531-022-02528-0,Biogeographic patterns of marine fishes associated with rhodolith beds in the Southwestern Atlantic reveal an ecotone of biodiversity,2022-12-10,2022,Springer Science+Business Media,Biodiversity and conservation,Hudson T. Pinheiro,Life below water,0,3
https://openalex.org/W4225271258,https://doi.org/10.54451/panamjas.17.1.71,"Composition and ecological aspects of the fish assemblage of the Marine Protected Area APA Baía das Tartarugas, southeastern Brazil",2022-04-15,2022,,Pan-American Journal of Aquatic Sciences,Hudson T. Pinheiro,Life below water,1,0
https://openalex.org/W4394405198,https://doi.org/10.6084/m9.figshare.19920871,"On a trip to the mainland: occasional records of the rocky crab Grapsus grapsus (Linnaeus, 1758) (Decapoda: Grapsidae) on the Brazilian coast",2022-01-01,2022,Figshare (United Kingdom),Figshare,Hudson T. Pinheiro,-1,1,0
https://openalex.org/W4221099625,https://doi.org/10.1016/j.jenvman.2022.114838,Limited human access is linked to higher effectiveness in a marine sanctuary,2022-06-01,2022,Elsevier BV,Journal of environmental management,Hudson T. Pinheiro,Life below water,0,11
https://openalex.org/W4394154754,https://doi.org/10.6084/m9.figshare.21268603,"Recent dispersal and diversification within the clingfish genus Acyrtus (Actinopterygii: Gobiesocidae), with the description of a new western Atlantic species",2022-01-01,2022,Figshare (United Kingdom),Figshare,"Hudson T. Pinheiro, Luiz A. Rocha",-1,1,0
https://openalex.org/W4280645569,https://doi.org/10.1111/fme.12557,The challenges and opportunities of using small drones to monitor fishing activities in a marine protected area,2022-05-16,2022,Wiley-Blackwell,Fisheries management and ecology,"Hudson T. Pinheiro, Luiz A. Rocha",Life below water,0,5
https://openalex.org/W4280495760,https://doi.org/10.1007/s00338-022-02269-0,Coralline Hills: high complexity reef habitats on seamount summits of the Vitória-Trindade Chain,2022-05-20,2022,Springer Science+Business Media,Coral reefs,"Hudson T. Pinheiro, Luiz A. Rocha",Life below water,0,4
https://openalex.org/W4312315544,https://doi.org/10.1590/1982-0224-2021-0137,"Recent dispersal and diversification within the clingfish genus Acyrtus (Actinopterygii: Gobiesocidae), with the description of a new western Atlantic species",2022-01-01,2022,Sociedade Brasileira de Ictiologia,Neotropical ichthyology/Neotropical Ichthyology,"Hudson T. Pinheiro, Luiz A. Rocha",Life below water,1,0
https://openalex.org/W4210703038,https://doi.org/10.18061/bssb.v1i1.8328,"Framing the future for taxonomic monography: Improving recognition, support, and access",2022-01-27,2022,Ohio State University Libraries,Bulletin of the Society of Systematic Biologists,"Isaac H. Lichter‐Marck, Jacob A. Gorneau, Lauren A. Esposito",-1,1,4
https://openalex.org/W4309012918,https://doi.org/10.3390/toxins14110783,Varespladib in the Treatment of Snakebite Envenoming: Development History and Preclinical Evidence Supporting Advancement to Clinical Trials in Patients Bitten by Venomous Snakes,2022-11-11,2022,Multidisciplinary Digital Publishing Institute,Toxins,"Isabel A. Matteo, Matthew Lewin, Philip E. Bickler",Good health and well-being,1,26
https://openalex.org/W4224139234,https://doi.org/10.1016/j.gecco.2022.e02098,Insects and spiders on the web: Monitoring and mitigating online exploitation of species and services,2022-08-01,2022,Elsevier BV,Global ecology and conservation,Jacob A. Gorneau,Life on land,1,1
https://openalex.org/W4282046795,https://doi.org/10.1016/j.ympev.2022.107530,"Huntsman spider phylogeny informs evolution of life history, egg sacs, and morphology",2022-09-01,2022,Elsevier BV,Molecular phylogenetics and evolution,Jacob A. Gorneau,Life on land,1,6
https://openalex.org/W4281908150,https://doi.org/10.1016/j.gecco.2022.e02184,Corrigendum to “Insects and spiders on the web: Monitoring and mitigating online exploitation of species and services” [Glob. Ecol. Conserv. 36 (2022) e02098],2022-09-01,2022,Elsevier BV,Global ecology and conservation,Jacob A. Gorneau,Life on land,1,0
https://openalex.org/W4281298798,https://doi.org/10.1111/1755-0998.13650,Trio‐binned genomes of the woodrats <i>Neotoma bryanti</i> and <i>Neotoma lepida</i> reveal novel gene islands and rapid copy number evolution of xenobiotic metabolizing genes,2022-06-19,2022,Wiley-Blackwell,Molecular ecology resources,James Henderson,-1,1,13
https://openalex.org/W4309867324,https://doi.org/10.1371/journal.pone.0277778,A comparison of drying methods on the quality for bryophyte molecular specimens collected in the field,2022-11-23,2022,Public Library of Science,PloS one,James R. Shevock,-1,1,1
https://openalex.org/W4312402023,https://doi.org/10.1007/978-3-031-06153-0_9,"The Bryophyte Flora of São Tomé and Príncipe (Gulf of Guinea): Past, Present and Future",2022-01-01,2022,Springer Nature,Springer eBooks,James R. Shevock,Life below water,1,3
https://openalex.org/W4296163483,https://doi.org/10.1111/mec.16697,Genetic decline and recovery of a demographically rebuilt fishery species,2022-10-11,2022,Wiley-Blackwell,Molecular ecology,Jennifer A. Hoey,Life below water,1,4
https://openalex.org/W4295350388,https://doi.org/10.1101/2022.09.12.504660,Global phylogenomic assessment of <i>Leptoseris</i> and <i>Agaricia</i> reveals substantial undescribed diversity at mesophotic depths,2022-09-13,2022,Cold Spring Harbor Laboratory,bioRxiv (Cold Spring Harbor Laboratory),"Johanna Camila Gijsbers, Pim Bongaerts, Sarah J. Jacobs",Life below water,1,1
https://openalex.org/W4309109628,https://doi.org/10.1101/2022.11.10.515783,"Molecular evolution of non-visual opsin genes across environmental, developmental, and morphological adaptations in frogs",2022-11-14,2022,Cold Spring Harbor Laboratory,bioRxiv (Cold Spring Harbor Laboratory),"John L. Boyette, Rayna C. Bell",Life on land,1,0
https://openalex.org/W4224307333,https://doi.org/10.1101/2022.04.19.488820,DNA metabarcoding reveals the threat of rapidly expanding barred owl populations to native wildlife in western North America,2022-04-20,2022,Cold Spring Harbor Laboratory,bioRxiv (Cold Spring Harbor Laboratory),John P. Dumbacher,Life on land,1,0
https://openalex.org/W4211111526,https://doi.org/10.1016/j.bpj.2021.11.2587,Evidence that toxin resistance in poison birds and frogs is not rooted in sodium channel mutations and may rely on “toxin sponge” proteins,2022-02-01,2022,Elsevier BV,Biophysical journal,John P. Dumbacher,-1,1,0
https://openalex.org/W4293211270,https://doi.org/10.1016/j.biocon.2022.109678,DNA metabarcoding reveals the threat of rapidly expanding barred owl populations to native wildlife in western North America,2022-09-01,2022,Elsevier BV,Biological conservation,John P. Dumbacher,Life on land,1,1
https://openalex.org/W4308205409,https://doi.org/10.1639/0747-9859-39.2.87,"New Records of Bryaceae (Bryophyta) for the Flora of North America Region, Including a Major Range Extension from Europe",2022-11-04,2022,American Bryological and Lichenological Society,Evansia,John R. Spence,Life on land,0,0
https://openalex.org/W4310841109,https://doi.org/10.5252/cryptogamie-bryologie2022v43a15,"Studies in Austral Bryaceae (Bryopsida). IV. New Records from the Falkland Islands (Islas Malvinas), with a Phytogeographic Analysis of the Family",2022-11-30,2022,,Cryptogamie. Bryologie,John R. Spence,Life below water,1,0
https://openalex.org/W4306898512,https://doi.org/10.1371/journal.pone.0276297,"Large-scale population disappearances and cycling in the white-lipped peccary, a tropical forest mammal",2022-10-20,2022,Public Library of Science,PloS one,José Manuel Fragoso,Life on land,1,10
https://openalex.org/W4220661918,https://doi.org/10.1111/mec.16391,Deep connections: Divergence histories with gene flow in mesophotic <i>Agaricia</i> corals,2022-02-27,2022,Wiley-Blackwell,Molecular ecology,"Katharine Prata, Pim Bongaerts",Life below water,1,6
https://openalex.org/W4207014939,https://doi.org/10.1101/2022.01.22.475505,Are Pacific Chorus Frogs (<i>Pseudacris regilla</i>) Resistant to Tetrodotoxin (TTX)? Characterizing Potential TTX Exposure and Resistance in an Ecological Associate of Pacific Newts (<i>Taricha</i>),2022-01-23,2022,Cold Spring Harbor Laboratory,bioRxiv (Cold Spring Harbor Laboratory),Katherine O. Montana,Life below water,1,0
https://openalex.org/W4308209706,https://doi.org/10.3390/oceans3040034,When and Where Did They Strand? The Spatio-Temporal Hotspot Patterns of Cetacean Stranding Events in Indonesia,2022-11-04,2022,Multidisciplinary Digital Publishing Institute,Oceans,Kathryn Kazuko High,-1,1,3
https://openalex.org/W4308319741,https://doi.org/10.1578/am.48.6.2022.724,"First Record of Predation on an Oilfish and a Previously Unknown Cephalopod Prey by a Short-Finned Pilot Whale in East Nusa Tenggara, Indonesia",2022-11-15,2022,,Aquatic mammals,Kathryn Kazuko High,Life below water,1,1
https://openalex.org/W4393709573,https://doi.org/10.5281/zenodo.6138821,Research Infrastructure Contact Zones,2022-02-21,2022,European Organization for Nuclear Research,Zenodo (CERN European Organization for Nuclear Research),Ken-ichi Ueda,-1,1,0
https://openalex.org/W4393749217,https://doi.org/10.5281/zenodo.6138822,Research Infrastructure Contact Zones,2022-02-21,2022,European Organization for Nuclear Research,Zenodo (CERN European Organization for Nuclear Research),Ken-ichi Ueda,-1,1,0
https://openalex.org/W4315619174,https://doi.org/10.1093/evolut/qpac023,"Model selection, hummingbird natural history, and biological hypotheses: a response to Sazatornil et al.",2022-12-14,2022,Oxford University Press,Evolution,"Kenneth J. Sytsma, Luciann Heeg, Ricardo Kriebel",Life on land,0,0
https://openalex.org/W4312420431,https://doi.org/10.1007/978-3-031-06153-0_11,A Checklist of the Arachnids from the Gulf of Guinea Islands (Excluding Ticks and Mites),2022-01-01,2022,Springer Nature,Springer eBooks,"Lauren A. Esposito, Sarah C. Crews",Life below water,1,3
https://openalex.org/W4312454794,https://doi.org/10.1007/978-3-031-06153-0_18,The Amphibians of the Gulf of Guinea Oceanic Islands,2022-01-01,2022,Springer Nature,Springer eBooks,"Lauren A. Scheinberg, Rayna C. Bell, Robert C. Drewes",Life below water,1,5
https://openalex.org/W4312705697,https://doi.org/10.5334/cjme.68,Weathering the Storm: Unexpected Benefits of a Professional Learning Community,2022-01-01,2022,,Current,Lindzy Bivings,-1,1,0
https://openalex.org/W4289528302,https://doi.org/10.3389/fmars.2022.956848,Lionfish on the loose: Pterois invade shallow habitats in the tropical southwestern Atlantic,2022-08-01,2022,Frontiers Media,Frontiers in marine science,Luiz A. Rocha,Life below water,1,6
https://openalex.org/W4220664571,https://doi.org/10.3897/zookeys.1088.78139,"﻿Cirrhilabrus finifenmaa (Teleostei, Labridae), a new species of fairy wrasse from the Maldives, with comments on the taxonomic identity of C. rubrisquamis and C. wakanda",2022-03-08,2022,Pensoft Publishers,ZooKeys,Luiz A. Rocha,Life below water,1,2
https://openalex.org/W4281740789,https://doi.org/10.1111/jbi.14398,The <scp>Amazon‐Orinoco</scp> Barrier as a driver of reef‐fish speciation in the Western Atlantic through time,2022-05-27,2022,Wiley-Blackwell,Journal of biogeography,Luiz A. Rocha,Life below water,0,12
https://openalex.org/W4206933590,https://doi.org/10.3897/zookeys.1083.72939,"﻿Battle of the bands: systematics and phylogeny of the white Goniobranchus nudibranchs with marginal bands (Nudibranchia, Chromodorididae)",2022-01-25,2022,Pensoft Publishers,ZooKeys,"Lynn J. Bonomo, Terrence M. Gosliner",Life on land,1,5
https://openalex.org/W4280591616,https://doi.org/10.5281/zenodo.6567199,A toolset for combining legacy collections data with data from modern digitization efforts into a relational database.,2022-06-05,2022,European Organization for Nuclear Research,Zenodo (CERN European Organization for Nuclear Research),Maricela Abarca,-1,1,0
https://openalex.org/W4309071597,https://doi.org/10.5281/zenodo.7306558,"Eviota fluctiphila, a new dwarfgoby from the western Pacific Ocean (Teleostei: Gobiidae)",2022-11-14,2022,European Organization for Nuclear Research,Zenodo (CERN European Organization for Nuclear Research),Mark V. Erdmann,Life below water,1,0
https://openalex.org/W4393630872,https://doi.org/10.5281/zenodo.6425390,"Research Data supporting ""Pachyrhynchus weevils use 3D photonic crystals with varying degrees of order to create diverse and brilliant displays""",2022-04-08,2022,European Organization for Nuclear Research,Zenodo (CERN European Organization for Nuclear Research),Matthew H. Van Dam,-1,1,0
https://openalex.org/W4224078773,https://doi.org/10.1002/smll.202200592,<i>Pachyrhynchus</i> Weevils Use 3D Photonic Crystals with Varying Degrees of Order to Create Diverse and Brilliant Displays,2022-04-15,2022,Wiley-Blackwell,Small,Matthew H. Van Dam,Life on land,1,8
https://openalex.org/W4393642643,https://doi.org/10.5281/zenodo.6425389,"Research Data supporting ""Pachyrhynchus weevils use 3D photonic crystals with varying degrees of order to create diverse and brilliant displays""",2022-04-08,2022,European Organization for Nuclear Research,Zenodo (CERN European Organization for Nuclear Research),Matthew H. Van Dam,-1,1,0
https://openalex.org/W4308072555,https://doi.org/10.1002/ccr3.6590,Issue Information,2022-11-01,2022,Wiley,Clinical case reports,Matthew Lewin,-1,1,0
https://openalex.org/W4283796072,https://doi.org/10.1016/j.toxlet.2022.06.009,The relative efficacy of chemically diverse small-molecule enzyme-inhibitors against anticoagulant activities of Black Snake (Pseudechis spp.) venoms,2022-08-01,2022,Elsevier BV,Toxicology letters,Matthew Lewin,-1,0,1
https://openalex.org/W4210710722,https://doi.org/10.1002/ccr3.5397,Issue Information,2022-02-01,2022,Wiley,Clinical case reports,Matthew Lewin,-1,1,0
https://openalex.org/W4311050656,https://doi.org/10.3390/toxins14120836,"Extreme Procoagulant Potency in Human Plasma of Venoms from the African Viperid Genera Atheris, Cerastes, and Proatheris and the Relative Efficacy of Antivenoms and Synthetic Enzyme-Inhibitors",2022-12-01,2022,Multidisciplinary Digital Publishing Institute,Toxins,Matthew Lewin,Life on land,1,3
https://openalex.org/W4221111634,https://doi.org/10.3390/molecules27051733,Efficacy and Limitations of Chemically Diverse Small-Molecule Enzyme-Inhibitors against the Synergistic Coagulotoxic Activities of Bitis Viper Venoms,2022-03-07,2022,Multidisciplinary Digital Publishing Institute,Molecules/Molecules online/Molecules annual,Matthew Lewin,No poverty,1,3
https://openalex.org/W4293832393,https://doi.org/10.1016/j.toxicon.2022.08.017,Keel venom: Rhabdophis subminiatus (Red-Necked Keelback) venom pathophysiologically affects diverse blood clotting pathways,2022-10-01,2022,Elsevier BV,Toxicon,Matthew Lewin,Life below water,1,1
https://openalex.org/W4220660976,https://doi.org/10.1177/00031348221080430,Acute Kidney Injury as a Complication of Venomous Snakebite in the United States,2022-03-25,2022,SAGE Publishing,The American surgeon/American surgeon,Matthew Lewin,Zero hunger,0,1
https://openalex.org/W4281851883,https://doi.org/10.1002/ccr3.5955,Issue Information,2022-06-01,2022,Wiley,Clinical case reports,Matthew Lewin,-1,1,0
https://openalex.org/W4300864714,https://doi.org/10.1002/ccr3.6411,Issue Information,2022-10-01,2022,Wiley,Clinical case reports,Matthew Lewin,-1,1,0
https://openalex.org/W4281773130,https://doi.org/10.1002/fee.2508,A tale of two whales: applying digital imaging and <scp>3D</scp> printing to cetacean research and education,2022-05-31,2022,Wiley-Blackwell,Frontiers in ecology and the environment,Maureen E. Flannery,Life below water,1,0
https://openalex.org/W4210942551,https://doi.org/10.1098/rspb.2021.1918,The evolution of sour taste,2022-02-09,2022,Royal Society,Proceedings - Royal Society. Biological sciences/Proceedings - Royal Society. Biological Sciences,Michelle Trautwein,Life below water,1,14
https://openalex.org/W4281988814,https://doi.org/10.1016/j.jembe.2022.151754,Distribution and feeding ecology of sea stars in the Galápagos rocky subtidal zone,2022-08-01,2022,Elsevier BV,Journal of experimental marine biology and ecology,Natalie H. N. Low,Life below water,0,1
https://openalex.org/W4226441509,https://doi.org/10.1007/s10592-022-01428-8,"Conservation genomics of an Australian cycad Cycas calcicola, and the Absence of Key Genotypes in Botanic Gardens",2022-01-19,2022,Springer Science+Business Media,Conservation genetics,Nathalie S. Nagalingum,Life on land,1,5
https://openalex.org/W4285821702,https://doi.org/10.3354/meps14127,"Trophic ecology of an abundant kelp forest echinoderm, the bat star Patiria miniata",2022-09-08,2022,Inter-Research,Marine ecology. Progress series,NHN Low,Life below water,0,0
https://openalex.org/W4285038965,https://doi.org/10.1002/essoar.10508818.2,Ecological and environmental stability in offshore Southern California Marine Basins through the Holocene,2022-07-11,2022,-1,-1,Peter D. Roopnarine,Life below water,1,0
https://openalex.org/W4289516954,https://doi.org/10.1029/2021pa004373,Ecological and Environmental Stability in Offshore Southern California Marine Basins Through the Holocene,2022-08-01,2022,John Wiley & Sons Ltd,Paleoceanography and Paleoclimatology,Peter D. Roopnarine,Life below water,0,3
https://openalex.org/W4306868003,https://doi.org/10.3389/fevo.2022.983374,Beyond functional diversity: The importance of trophic position to understanding functional processes in community evolution,2022-10-20,2022,Frontiers Media,Frontiers in ecology and evolution,"Peter D. Roopnarine, Roxanne Banker",Life below water,1,4
https://openalex.org/W4285732199,https://doi.org/10.1101/2022.07.15.500280,Impact of the extinct megaherbivore Steller’s sea cow (<i>Hydrodamalis gigas</i>) on kelp forest resilience,2022-07-17,2022,Cold Spring Harbor Laboratory,bioRxiv (Cold Spring Harbor Laboratory),"Peter D. Roopnarine, Roxanne Banker, Scott D. Sampson",Life below water,1,0
https://openalex.org/W4310244874,https://doi.org/10.3389/fevo.2022.983558,Impact of the extinct megaherbivore Steller's sea cow (Hydrodamalis gigas) on kelp forest resilience,2022-11-28,2022,Frontiers Media,Frontiers in ecology and evolution,"Peter D. Roopnarine, Roxanne Banker, Scott D. Sampson",Life below water,1,0
https://openalex.org/W4225924733,https://doi.org/10.1111/1755-0998.13420,Cover Image,2022-04-04,2022,Wiley-Blackwell,Molecular ecology resources,Pim Bongaerts,Life on land,1,0
https://openalex.org/W4214702839,https://doi.org/10.2139/ssrn.4043501,In the Shadow of a Giant Reef: Palaeoecology of Mesophotic Coral Communities from the Givetian of Anti-Atlas (Morocco),2022-01-01,2022,RELX Group (Netherlands),Social Science Research Network,Pim Bongaerts,Life below water,0,0
https://openalex.org/W4281640807,https://doi.org/10.1111/mec.15964,Cover Image,2022-06-01,2022,Wiley-Blackwell,Molecular ecology,Pim Bongaerts,Life on land,1,0
https://openalex.org/W4223590268,https://doi.org/10.1111/mec.15960,Issue Information,2022-04-01,2022,Wiley-Blackwell,Molecular ecology,Pim Bongaerts,-1,1,0
https://openalex.org/W4224674571,https://doi.org/10.1111/mec.15961,Issue Information,2022-04-25,2022,Wiley-Blackwell,Molecular ecology,Pim Bongaerts,Life on land,1,0
https://openalex.org/W4294679001,https://doi.org/10.1111/mec.15970,Issue Information,2022-09-01,2022,Wiley-Blackwell,Molecular ecology,Pim Bongaerts,Life on land,1,0
https://openalex.org/W4226148783,https://doi.org/10.1016/j.cub.2022.03.036,Mesophotic coral ecosystems,2022-04-01,2022,Elsevier BV,CB/Current biology,Pim Bongaerts,Life below water,1,7
https://openalex.org/W4289597608,https://doi.org/10.1016/j.palaeo.2022.111177,In the shadow of a giant reef: Palaeoecology of mesophotic coral communities from the Givetian of Anti-Atlas (Morocco),2022-09-01,2022,Elsevier BV,"Palaeogeography, palaeoclimatology, palaeoecology",Pim Bongaerts,Life below water,1,11
https://openalex.org/W4281939639,https://doi.org/10.1111/ddi.13549,Mesophotic coral ecosystems of French Polynesia are hotspots of alpha and beta generic diversity for scleractinian assemblages,2022-05-27,2022,Wiley-Blackwell,Diversity and distributions,Pim Bongaerts,Life below water,1,5
https://openalex.org/W4293060657,https://doi.org/10.1007/s10980-022-01463-3,From polyps to pixels: understanding coral reef resilience to local and global change across scales,2022-06-29,2022,Springer Science+Business Media,Landscape ecology,Raphael Ritson‐Williams,Life below water,1,10
https://openalex.org/W4285276059,https://doi.org/10.1016/b978-0-12-816460-0.00016-2,The metabolic significance of symbiont community composition in the coral-algal symbiosis,2022-01-01,2022,Elsevier BV,Elsevier eBooks,Raphael Witson-Williams,Life below water,0,1
https://openalex.org/W4394074532,https://doi.org/10.6084/m9.figshare.20168145,Additional file 5 of Transcriptomic evidence for visual adaptation during the aquatic to terrestrial metamorphosis in leopard frogs,2022-01-01,2022,Figshare (United Kingdom),Figshare,Rayna C. Bell,-1,1,0
https://openalex.org/W4394553055,https://doi.org/10.6084/m9.figshare.20168148,Additional file 6 of Transcriptomic evidence for visual adaptation during the aquatic to terrestrial metamorphosis in leopard frogs,2022-01-01,2022,Figshare (United Kingdom),Figshare,Rayna C. Bell,-1,1,0
https://openalex.org/W4225274274,https://doi.org/10.1111/jzo.12977,Aposematic patterns shift continuously throughout the life of poison frogs,2022-05-02,2022,Wiley-Blackwell,Journal of zoology,Rayna C. Bell,Life below water,1,1
https://openalex.org/W4394174780,https://doi.org/10.6084/m9.figshare.20168139,Additional file 3 of Transcriptomic evidence for visual adaptation during the aquatic to terrestrial metamorphosis in leopard frogs,2022-01-01,2022,Figshare (United Kingdom),Figshare,Rayna C. Bell,-1,1,0
https://openalex.org/W3212688372,https://doi.org/10.1016/j.ympev.2021.107347,Independent evolutionary transitions to pueriparity across multiple timescales in the viviparous genus Salamandra,2022-02-01,2022,Elsevier BV,Molecular phylogenetics and evolution,Rayna C. Bell,Life on land,1,3
https://openalex.org/W4394187464,https://doi.org/10.6084/m9.figshare.20168157,Additional file 8 of Transcriptomic evidence for visual adaptation during the aquatic to terrestrial metamorphosis in leopard frogs,2022-01-01,2022,Figshare (United Kingdom),Figshare,Rayna C. Bell,-1,1,0
https://openalex.org/W4394209648,https://doi.org/10.6084/m9.figshare.20168136,Additional file 2 of Transcriptomic evidence for visual adaptation during the aquatic to terrestrial metamorphosis in leopard frogs,2022-01-01,2022,Figshare (United Kingdom),Figshare,Rayna C. Bell,-1,1,0
https://openalex.org/W4214579390,https://doi.org/10.1111/1365-2435.14018,Ecology drives patterns of spectral transmission in the ocular lenses of frogs and salamanders,2022-02-28,2022,Wiley-Blackwell,Functional ecology,Rayna C. Bell,-1,1,9
https://openalex.org/W4394353150,https://doi.org/10.6084/m9.figshare.20168154,Additional file 7 of Transcriptomic evidence for visual adaptation during the aquatic to terrestrial metamorphosis in leopard frogs,2022-01-01,2022,Figshare (United Kingdom),Figshare,Rayna C. Bell,-1,1,0
https://openalex.org/W4312886522,https://doi.org/10.1007/978-3-031-06153-0_26,A Thriving Future for the Gulf of Guinea Oceanic Islands,2022-01-01,2022,Springer Nature,Springer eBooks,Rayna C. Bell,Life below water,1,1
https://openalex.org/W4394354565,https://doi.org/10.6084/m9.figshare.20168142,Additional file 4 of Transcriptomic evidence for visual adaptation during the aquatic to terrestrial metamorphosis in leopard frogs,2022-01-01,2022,Figshare (United Kingdom),Figshare,Rayna C. Bell,-1,1,0
https://openalex.org/W4312579159,https://doi.org/10.1007/978-3-031-06153-0_2,Physical Geography of the Gulf of Guinea Oceanic Islands,2022-01-01,2022,Springer Nature,Springer eBooks,Rayna C. Bell,Life below water,1,10
https://openalex.org/W4312540613,https://doi.org/10.1007/978-3-031-06153-0_6,Biogeography and Evolution in the Oceanic Islands of the Gulf of Guinea,2022-01-01,2022,Springer Nature,Springer eBooks,Rayna C. Bell,Life below water,1,3
https://openalex.org/W4309436818,https://doi.org/10.1098/rspb.2022.0767,Ocular lens morphology is influenced by ecology and metamorphosis in frogs and toads,2022-11-16,2022,Royal Society,Proceedings - Royal Society. Biological sciences/Proceedings - Royal Society. Biological Sciences,Rayna C. Bell,Life below water,1,6
https://openalex.org/W4221033188,https://doi.org/10.1007/s10682-022-10173-w,Vision in dim light and the evolution of color pattern in a crepuscular/nocturnal frog,2022-03-28,2022,Springer Science+Business Media,Evolutionary ecology,Rayna C. Bell,Gender equality,0,6
https://openalex.org/W4281714475,https://doi.org/10.1007/s10592-022-01445-7,Speciation with gene flow in a narrow endemic West Virginia cave salamander (Gyrinophilus subterraneus),2022-06-01,2022,Springer Science+Business Media,Conservation genetics,Rayna C. Bell,Clean water and sanitation,1,2
https://openalex.org/W4312279012,https://doi.org/10.1007/978-3-031-06153-0_1,Biodiversity in the Gulf of Guinea Oceanic Islands: A Synthesis,2022-01-01,2022,Springer Nature,Springer eBooks,Rayna C. Bell,Life below water,1,0
https://openalex.org/W4224979440,https://doi.org/10.1111/gcb.16192,Coral‐bleaching responses to climate change across biological scales,2022-04-27,2022,Wiley-Blackwell,Global change biology,Rebecca Albright,Life below water,1,47
https://openalex.org/W4225692575,https://doi.org/10.7554/elife.72460,Phylogenomic analyses of echinoid diversification prompt a re-evaluation of their fossil record,2022-03-22,2022,eLife Sciences Publications Ltd,eLife,Rich Mooi,Life below water,1,21
https://openalex.org/W4309126357,https://doi.org/10.1201/9781003288602-3,Pedunculate Cirripedes of the Genus Pollicipes: 25 Years After Margaret Barnes' Review,2022-11-16,2022,Informa,CRC Press eBooks,Robert J. Van Syoc,Life below water,1,2
https://openalex.org/W4312372156,https://doi.org/10.1007/978-3-031-06153-0_25,Environmental Education in São Tomé and Príncipe: The Challenges of Owning a Unique Biodiversity,2022-01-01,2022,Springer Nature,Springer eBooks,Roberta Ayres,Quality education,1,5
https://openalex.org/W4225935873,https://doi.org/10.3161/00034541anz2022.72.1.003,Testing the Taxonomy of Amphidorini Leconte (Coleoptera: Tenebrionidae): A Molecular Phylogeny Leveraging Museum Sequencing,2022-03-30,2022,Polish Academy of Sciences,Annales Zoologici,Rolf L. Aalbu,Life on land,1,4
https://openalex.org/W4214936950,https://doi.org/10.1371/journal.pone.0264930,DNA barcoding of the National Museum of Natural History reptile tissue holdings raises concerns about the use of natural history collections and the responsibilities of scientists in the molecular age,2022-03-04,2022,Public Library of Science,PloS one,Ronald I. Crombie,-1,1,18
https://openalex.org/W4223540371,https://doi.org/10.5194/essd-14-1695-2022,Compilation of a database of Holocene nearshore marine mollusk shell geochemistry from the California Current System,2022-04-12,2022,Copernicus Publications,Earth system science data,Roxanne Banker,Life below water,1,0
https://openalex.org/W4224285161,https://doi.org/10.21203/rs.3.rs-1534283/v1,"A European nudibranch new to the Gulf of Maine: Doris pseudoargus Rapp, 1827.",2022-04-19,2022,Research Square (United States),Research Square (Research Square),"Samantha A. Donohoo, Terrence M. Gosliner",Life below water,1,0
https://openalex.org/W4299286558,https://doi.org/10.1007/s10530-022-02917-0,"A European nudibranch new to the Gulf of Maine: Doris pseudoargus Rapp, 1827",2022-10-02,2022,Springer Science+Business Media,Biological invasions,"Samantha A. Donohoo, Terrence M. Gosliner",Life below water,1,1
https://openalex.org/W4295904744,https://doi.org/10.1093/jhered/esac052,"Reference genome of the color polymorphic desert annual plant sandblossoms, <i>Linanthus parryae</i>",2022-09-15,2022,Oxford University Press,Journal of Heredity,Sarah J. Jacobs,Sustainable cities and communities,1,1
https://openalex.org/W4285119219,https://doi.org/10.1071/is21073,One Antarctic slug to confuse them all: the underestimated diversity of,2022-06-01,2022,CSIRO Publishing,Invertebrate systematics,Susanne J. Lockhart,Life below water,1,5
https://openalex.org/W4220986064,https://doi.org/10.1016/j.ympev.2022.107470,The first phylogenetic and species delimitation study of the nudibranch genus Gymnodoris reveals high species diversity (Gastropoda: Nudibranchia),2022-06-01,2022,Elsevier BV,Molecular phylogenetics and evolution,Terrence M. Gosliner,Life below water,0,7
https://openalex.org/W4226143877,https://doi.org/10.1111/zsc.12536,"Reassessing North Eastern Atlantic‐Mediterranean species of <i>Trapania</i> (Mollusca, Nudibranchia)",2022-04-07,2022,Wiley-Blackwell,Zoologica scripta,Terrence M. Gosliner,Life below water,1,6
https://openalex.org/W4220862985,https://doi.org/10.1600/036364422x16442668423464,Two New Species of <i>Dyschoriste</i> (Acanthaceae: Ruellieae: Petalidiinae) from Northeastern Brazil,2022-03-21,2022,American Society of Plant Taxonomists,Systematic botany,Thomas F. Daniel,Life on land,0,1
https://openalex.org/W4286235640,https://doi.org/10.17348/jbrit.v16.i1.1233,"Donald Pinkava’s studies on the vascular flora of the Bolsón de Cuatro Ciénegas in the Chihuahuan Desert, updates, and taxonomic information on Acanthaceae in the region",2022-07-15,2022,Botanical Research Institute of Texas,Journal of the Botanical Research Institute of Texas,Thomas F. Daniel,Life on land,1,1
https://openalex.org/W4206135947,https://doi.org/10.11646/zootaxa.5092.2.2,"Redescription of Ateleopus indicus Alcock 1891, (Teleostei: Ateleopodiformes: Ateleopodidae), and its reassignment to the genus Parateleopus",2022-01-19,2022,Q15088586,Zootaxa,Tomio Iwamoto,Life below water,0,0
https://openalex.org/W4309889161,https://doi.org/10.11646/zootaxa.5213.2.2,"A new species of the grenadier genus Coelorinchus from the seamounts in the southeastern Atlantic Ocean, with redefinition of C. vityazae (Teleostei: Gadiformes: Macrouridae)",2022-11-24,2022,Q15088586,Zootaxa,Tomio Iwamoto,Life below water,0,0
https://openalex.org/W4301368739,https://doi.org/10.11646/zootaxa.5194.2.3,A new species of the grenadier genus Coelorinchus (Gadiformes: Macrouridae) from the western Indian Ocean,2022-10-05,2022,Q15088586,Zootaxa,Tomio Iwamoto,Life below water,0,1
https://openalex.org/W4308181751,https://doi.org/10.1111/ele.14135,The gut microbiome reflects ancestry despite dietary shifts across a hybrid zone,2022-11-04,2022,Wiley-Blackwell,Ecology letters,W. Brian Simison,Life on land,0,6
https://openalex.org/W4221060004,https://doi.org/10.1186/s12915-022-01271-w,"Phylogenomic analysis of Syngnathidae reveals novel relationships, origins of endemic diversity and variable diversification rates",2022-03-27,2022,BioMed Central,BMC biology,W. Brian Simison,Life below water,1,21
https://openalex.org/W4394314429,https://doi.org/10.6084/m9.figshare.19445186,"Additional file 2 of Phylogenomic analysis of Syngnathidae reveals novel relationships, origins of endemic diversity and variable diversification rates",2022-01-01,2022,Figshare (United Kingdom),Figshare,W. Brian Simison,-1,1,0
https://openalex.org/W4213183234,https://doi.org/10.1111/ddi.13485,Network analysis of sea turtle movements and connectivity: A tool for conservation prioritization,2022-02-14,2022,Wiley-Blackwell,Diversity and distributions,Wallace J. Nichols,Life below water,1,16
